output_file,grain,ordinal,column_name,category,data_type,score_range,neutral_anchor,description,derivation_or_logic,recommended_use,cautions,example_values
seta_market_screener_365d.csv,One row per asset / term.,1,screener_attention_priority_rank,Screener / Narrative,Numeric,1 = highest priority,,Rank ordering of assets by review priority.,Calculated after scoring all assets; 1 is the highest screener_attention_priority_score.,Use to sort the workbook and decide which assets to review first.,"Priority is review urgency, not bullishness. Pair with direction label.",1; 2; 3
seta_market_screener_365d.csv,One row per asset / term.,2,term,Identity,Text / categorical,,,Asset ticker / term identifier.,"Primary join key across screener, matrix, archetype, chart history and alert files.","Use as context, join key, filter, or supporting diagnostic.",,SOL; AVAX; XRP
seta_market_screener_365d.csv,One row per asset / term.,3,asset_universe,Identity,Text / categorical,,,"Asset universe classification, such as crypto or equity-like.","Derived from sector map, asset calendar or term classification.","Use as context, join key, filter, or supporting diagnostic.",,
seta_market_screener_365d.csv,One row per asset / term.,4,primary_sector,Identity,Text / categorical,,,Primary sector or asset grouping.,Pulled from available sector mapping where present.,"Use as context, join key, filter, or supporting diagnostic.",,
seta_market_screener_365d.csv,One row per asset / term.,5,screener_attention_priority_score,Screener / Narrative,Numeric,0-100; higher = stronger / higher priority,No fixed neutral; higher means review sooner,Top-level triage score indicating how urgently an asset deserves review.,"Combines absolute signal consensus, recency, latest event quality, confirmed/event activity and attention/participation. It is not bullish or bearish by itself.",Use to sort the workbook and decide which assets to review first.,Scores are model-derived interpretation aids; inspect raw values and reasons for context.,76.34274030521507; 73.48162410636849; 68.65307374804546
seta_market_screener_365d.csv,One row per asset / term.,6,screener_action_bucket,Screener / Narrative,Text / categorical,,,Human-readable triage bucket for the asset.,"Derived from recency, event tier, quality, watch/confirmed activity and priority score.","Use as context, join key, filter, or supporting diagnostic.",,Fresh Confirmed Event; High-Quality Watch; Monitor
seta_market_screener_365d.csv,One row per asset / term.,7,primary_archetype,Archetype,Text / categorical,,,Main setup archetype assigned to the asset.,"Derived from rule-based combinations of events, consensus, attention, MACD/RSI/ribbon and dispersion.","Use for verbal summaries, dashboard cards and explanation layers.",,Fresh Bullish Reversal; Sentiment Repair Ahead of Price; Narrative Deterioration Despite Price Strength
seta_market_screener_365d.csv,One row per asset / term.,8,secondary_archetype,Archetype,Text / categorical,,,Secondary setup archetype if another meaningful pattern also matches.,Used to capture nuance without overriding the primary archetype.,"Use for verbal summaries, dashboard cards and explanation layers.",,Watch Cluster Building; Quiet Neutral; Overextended / Exhaustion Risk
seta_market_screener_365d.csv,One row per asset / term.,9,archetype_direction,Archetype,Text / categorical,,,Categorical label for archetype direction.,Derived from source labels or rule-based classification.,"Use for verbal summaries, dashboard cards and explanation layers.",,Bullish; Bearish; Neutral
seta_market_screener_365d.csv,One row per asset / term.,10,archetype_confidence,Archetype,Numeric,0-100; higher = stronger / higher priority,50 = moderate confidence,Categorical label for archetype confidence.,Derived from source labels or rule-based classification.,Use to separate clean setups from noisy or conflicted ones.,,85.15380974919258; 80.42280074220123; 90.17897857182737
seta_market_screener_365d.csv,One row per asset / term.,11,archetype_summary,Archetype,Text / categorical,,,Plain-English explanation of the matched archetype.,Used downstream for verbal narrative generation.,"Use for verbal summaries, dashboard cards and explanation layers.",,SOL has a fresh confirmed bullish overlap event with supportive Bollinger pressure.; AVAX has a fresh confirmed bullish overlap event with supportive Bollinger pressure.; XRP has a fresh confirmed bullish overlap event with supportive Bollinger pressure.
seta_market_screener_365d.csv,One row per asset / term.,12,archetype_risk_note,Archetype,Text / categorical,,,Risk or caveat associated with the archetype.,"Highlights missing confirmation, stale signals, dispersion or exhaustion risk.","Use for verbal summaries, dashboard cards and explanation layers.",,Mean-reversion/reversal setups still need price follow-through after the confirmed event.; Early repair signals are useful but less reliable until price MACD confirms.; This can be an early warning rather than an immediate breakdown signal.
seta_market_screener_365d.csv,One row per asset / term.,13,screener_reason_summary,Screener / Narrative,Text / categorical,,,Plain-English reason string explaining why the asset ranked where it did.,"Generated from active reason flags, dominant archetypes, signal state, attention and dispersion.","Use for verbal summaries, dashboard cards and explanation layers.",,SOL ranked high because: fresh confirmed bullish overlap event; clustered recent overlap/watch activity; MACD family improving; low dispersion; consensus direction bullish.; AVAX ranked high because: fresh confirmed bullish overlap event; clustered recent overlap/watch activity; MACD family improving; low dispersion; consensus direction bullish.; XRP ranked high because: fresh confirmed bullish overlap event; clustered recent overlap/watch activity; MACD family improving; low dispersion; consensus direction bullish.
seta_market_screener_365d.csv,One row per asset / term.,14,signal_consensus_direction_score,Signal Consensus,Numeric,0-100; 50 neutral,50,0-100 directional consensus score across the major families.,"Uses neutral-centered family scores. 0 is bearish, 50 is neutral/mixed, 100 is bullish.",Use to understand bullish versus bearish directional bias.,Scores are model-derived interpretation aids; inspect raw values and reasons for context.,79.33539590485856; 76.29991939807378; 79.54638991361281
seta_market_screener_365d.csv,One row per asset / term.,15,signal_consensus_direction_label,Signal Consensus,Text / categorical,,,Categorical label for signal consensus direction label.,Derived from source labels or rule-based classification.,Use to understand bullish versus bearish directional bias.,,Bullish; Bearish; Mixed / Neutral
seta_market_screener_365d.csv,One row per asset / term.,16,signal_consensus_score_signed,Signal Consensus,Numeric,-50 to +50 approx.; 0 neutral,0,Signed version of signal consensus.,"Computed from family scores as deviation from neutral. Positive is bullish, negative is bearish, 0 is neutral.","Use as context, join key, filter, or supporting diagnostic.",Scores are model-derived interpretation aids; inspect raw values and reasons for context.,29.335395904858565; 26.299919398073783; 29.546389913612813
seta_market_screener_365d.csv,One row per asset / term.,17,signal_dispersion_score,Signal Consensus,Numeric,,,How much the signal families disagree.,Standard deviation-like dispersion across family direction scores. Low dispersion means cleaner agreement; high dispersion means a conflicted setup.,Use to separate clean setups from noisy or conflicted ones.,Scores are model-derived interpretation aids; inspect raw values and reasons for context.,18.496673349664114; 20.514825373518295; 13.11721854441137
seta_market_screener_365d.csv,One row per asset / term.,18,signal_consensus_confidence_score,Signal Consensus,Numeric,0-100; higher = stronger / higher priority,50 = moderate confidence,Confidence in the consensus direction.,"Higher when dispersion is low, recent signal quality is strong, and attention confirms the direction.",Use to separate clean setups from noisy or conflicted ones.,Scores are model-derived interpretation aids; inspect raw values and reasons for context.,85.15380974919258; 80.42280074220123; 90.17897857182737
seta_market_screener_365d.csv,One row per asset / term.,19,latest_data_date,Latest State,Date,,,Date field for latest data date.,Standardized to yyyy-mm-dd where possible.,"Use as context, join key, filter, or supporting diagnostic.",Latest event may be a watch or stale event; check recency and tier.,2026-04-25
seta_market_screener_365d.csv,One row per asset / term.,20,latest_close,Latest State,Numeric,,,Latest Close field in the Screener output.,Carried from source files or derived during screener construction.,"Use as context, join key, filter, or supporting diagnostic.",Latest event may be a watch or stale event; check recency and tier.,
seta_market_screener_365d.csv,One row per asset / term.,21,latest_volume,Latest State,Numeric,,,Latest Volume field in the Screener output.,Carried from source files or derived during screener construction.,"Use as context, join key, filter, or supporting diagnostic.",Latest event may be a watch or stale event; check recency and tier.,1789869.0; 323505.0; 117746701.0
seta_market_screener_365d.csv,One row per asset / term.,22,volume_pct_vs_20d,General,Numeric,Ratio / percentage-like,,Volume Pct Vs 20D field in the Screener output.,Carried from source files or derived during screener construction.,"Use as context, join key, filter, or supporting diagnostic.",,-0.14859990682908295; -0.6248078112066725; 0.15797495765280023
seta_market_screener_365d.csv,One row per asset / term.,23,close_pct_vs_ma_21,Trend / Moving Averages,Numeric,Ratio / percentage-like,,Close Pct Vs Ma 21 field in the Screener output.,Carried from source files or derived during screener construction.,"Use as context, join key, filter, or supporting diagnostic.",,
seta_market_screener_365d.csv,One row per asset / term.,24,close_pct_vs_ma_50,Trend / Moving Averages,Numeric,Ratio / percentage-like,,Close Pct Vs Ma 50 field in the Screener output.,Carried from source files or derived during screener construction.,"Use as context, join key, filter, or supporting diagnostic.",,
seta_market_screener_365d.csv,One row per asset / term.,25,close_pct_vs_ma_200,Trend / Moving Averages,Numeric,Ratio / percentage-like,,Close Pct Vs Ma 200 field in the Screener output.,Carried from source files or derived during screener construction.,"Use as context, join key, filter, or supporting diagnostic.",,
seta_market_screener_365d.csv,One row per asset / term.,26,days_since_latest_event,Latest State,Numeric,,,Days Since Latest Event field in the Screener output.,Carried from source files or derived during screener construction.,"Use as context, join key, filter, or supporting diagnostic.",Latest event may be a watch or stale event; check recency and tier.,0.0
seta_market_screener_365d.csv,One row per asset / term.,27,latest_event_recency_bucket,Latest State,Text / categorical,,,Latest alert-event field: Latest Event Recency Bucket.,Pulled from the most recent row in seta_alert_events_365d for the term.,"Use as context, join key, filter, or supporting diagnostic.",Latest event may be a watch or stale event; check recency and tier.,today; none
seta_market_screener_365d.csv,One row per asset / term.,28,days_since_latest_confirmed,Bollinger / Overlap Alerts,Numeric,,,Days Since Latest Confirmed field in the Screener output.,Carried from source files or derived during screener construction.,Use to evaluate overlap/Bollinger event pressure and confirmation quality.,Latest event may be a watch or stale event; check recency and tier.,0.0; 4.0; 13.0
seta_market_screener_365d.csv,One row per asset / term.,29,latest_confirmed_recency_bucket,Bollinger / Overlap Alerts,Text / categorical,,,Latest confirmed-alert field: Latest Confirmed Recency Bucket.,Pulled from the most recent confirmed event for the term when available.,Use to evaluate overlap/Bollinger event pressure and confirmation quality.,Latest event may be a watch or stale event; check recency and tier.,today; 4-7d; 8-30d
seta_market_screener_365d.csv,One row per asset / term.,30,latest_event_tier,Latest State,Text / categorical,,,Latest alert-event field: Latest Event Tier.,Pulled from the most recent row in seta_alert_events_365d for the term.,"Use as context, join key, filter, or supporting diagnostic.",Latest event may be a watch or stale event; check recency and tier.,Confirmed; Watch; Reentry
seta_market_screener_365d.csv,One row per asset / term.,31,latest_event_direction,Latest State,Text / categorical,,,Latest alert-event field: Latest Event Direction.,Pulled from the most recent row in seta_alert_events_365d for the term.,"Use as context, join key, filter, or supporting diagnostic.",Latest event may be a watch or stale event; check recency and tier.,Bullish; Bearish
seta_market_screener_365d.csv,One row per asset / term.,32,latest_event_quality_score,Latest State,Numeric,0-100; higher = stronger / higher priority,,Latest alert-event field: Latest Event Quality Score.,Pulled from the most recent row in seta_alert_events_365d for the term.,"Use as context, join key, filter, or supporting diagnostic.",Scores are model-derived interpretation aids; inspect raw values and reasons for context.,57.65930175873541; 64.76381303772459; 24.27715159084258
seta_market_screener_365d.csv,One row per asset / term.,33,latest_event_dashboard_summary_label,Latest State,Text / categorical,,,Latest alert-event field: Latest Event Dashboard Summary Label.,Pulled from the most recent row in seta_alert_events_365d for the term.,"Use for verbal summaries, dashboard cards and explanation layers.",Latest event may be a watch or stale event; check recency and tier.,Compression / Transition; Normal / Broad; Confirmed Bullish; Bullish Expansion; Normal / Broad; Confirmed Bullish; Mixed; Normal / Broad; Watch Bullish
seta_market_screener_365d.csv,One row per asset / term.,34,latest_confirmed_event_date,Bollinger / Overlap Alerts,Date,,,Latest confirmed-alert field: Latest Confirmed Event Date.,Pulled from the most recent confirmed event for the term when available.,Use to evaluate overlap/Bollinger event pressure and confirmation quality.,Latest event may be a watch or stale event; check recency and tier.,2026-04-25; 2026-04-21; 2026-04-12
seta_market_screener_365d.csv,One row per asset / term.,35,latest_confirmed_event_direction,Bollinger / Overlap Alerts,Text / categorical,,,Latest confirmed-alert field: Latest Confirmed Event Direction.,Pulled from the most recent confirmed event for the term when available.,Use to evaluate overlap/Bollinger event pressure and confirmation quality.,Latest event may be a watch or stale event; check recency and tier.,Bullish; Bearish
seta_market_screener_365d.csv,One row per asset / term.,36,latest_confirmed_quality_score,Bollinger / Overlap Alerts,Numeric,0-100; higher = stronger / higher priority,,Latest confirmed-alert field: Latest Confirmed Quality Score.,Pulled from the most recent confirmed event for the term when available.,Use to evaluate overlap/Bollinger event pressure and confirmation quality.,Scores are model-derived interpretation aids; inspect raw values and reasons for context.,57.65930175873541; 64.76381303772459; 45.05776120723174
seta_market_screener_365d.csv,One row per asset / term.,37,latest_confirmed_dashboard_summary_label,Bollinger / Overlap Alerts,Text / categorical,,,Latest confirmed-alert field: Latest Confirmed Dashboard Summary Label.,Pulled from the most recent confirmed event for the term when available.,"Use for verbal summaries, dashboard cards and explanation layers.",Latest event may be a watch or stale event; check recency and tier.,Compression / Transition; Normal / Broad; Confirmed Bullish; Bullish Expansion; Normal / Broad; Confirmed Bullish; Bearish Expansion; Normal / Broad; Confirmed Bullish
seta_market_screener_365d.csv,One row per asset / term.,38,bollinger_direction_score,Bollinger / Overlap Alerts,Numeric,0-100; 50 neutral,50,Neutral-centered score for active overlap/Bollinger pressure.,50 means price is mostly inside the overlap range; above 50 bullish pressure; below 50 bearish pressure. Fresh confirmed events and watch clusters push it away from 50; time decay fades it back toward 50.,Use to understand bullish versus bearish directional bias.,Scores are model-derived interpretation aids; inspect raw values and reasons for context.,100.0; 92.07461594114379; 78.41777393240757
seta_market_screener_365d.csv,One row per asset / term.,39,bollinger_confidence_score,Bollinger / Overlap Alerts,Numeric,0-100; higher = stronger / higher priority,50 = moderate confidence,Confidence that the overlap/Bollinger condition is meaningful.,"Built from alert tier, quality, confirmed rate, volume confirmation, recency and event clustering.",Use to separate clean setups from noisy or conflicted ones.,Scores are model-derived interpretation aids; inspect raw values and reasons for context.,77.65957446808511; 74.75124378109453; 74.24269787352759
seta_market_screener_365d.csv,One row per asset / term.,40,bollinger_recency_decay,Bollinger / Overlap Alerts,Numeric,0-1 multiplier,0 = fully faded; 1 = fresh,How fresh the latest Bollinger/overlap event is.,Decay multiplier used to fade event-driven Bollinger pressure back toward neutral over time.,Use to evaluate overlap/Bollinger event pressure and confirmation quality.,,1.0; 4.111319781730085e-44
seta_market_screener_365d.csv,One row per asset / term.,41,bollinger_watch_cluster_score,Bollinger / Overlap Alerts,Numeric,,,Incremental score from repeated watch candidates.,Counts clustered recent watch candidates so repeated developing pressure can matter without being treated like confirmed alerts.,Use to evaluate overlap/Bollinger event pressure and confirmation quality.,Scores are model-derived interpretation aids; inspect raw values and reasons for context.,66.0; 68.0; 67.0
seta_market_screener_365d.csv,One row per asset / term.,42,attention_adjusted_bollinger_score,Bollinger / Overlap Alerts,Numeric,0-100; 50 neutral,50,Bollinger direction score adjusted by participation/attention.,"Keeps the pure Bollinger score separate, then buffs or nerfs it when attention/engagement confirms or contradicts the directional setup.",Use to evaluate overlap/Bollinger event pressure and confirmation quality.,Scores are model-derived interpretation aids; inspect raw values and reasons for context.,100.0; 85.76342354997223; 78.41777393240757
seta_market_screener_365d.csv,One row per asset / term.,43,outside_count,Bollinger / Overlap Alerts,Numeric,,,Count of outside count for the term.,Aggregated from alert/event rows within the screener window.,"Use as context, join key, filter, or supporting diagnostic.",,188; 201; 193
seta_market_screener_365d.csv,One row per asset / term.,44,watch_count,Bollinger / Overlap Alerts,Numeric,,,Count of watch count for the term.,Aggregated from alert/event rows within the screener window.,Use to evaluate overlap/Bollinger event pressure and confirmation quality.,Watch candidates are not confirmed events; use as developing pressure.,110; 128; 120
seta_market_screener_365d.csv,One row per asset / term.,45,confirmed_count,Bollinger / Overlap Alerts,Numeric,,,Count of confirmed count for the term.,Aggregated from alert/event rows within the screener window.,Use to evaluate overlap/Bollinger event pressure and confirmation quality.,,68; 56; 59
seta_market_screener_365d.csv,One row per asset / term.,46,confirmed_rate,Bollinger / Overlap Alerts,Numeric,Ratio / percentage-like,,Rate/density measure for confirmed rate.,Derived from event counts relative to opportunities or row counts.,Use to evaluate overlap/Bollinger event pressure and confirmation quality.,,0.3617021276595745; 0.2786069651741293; 0.3523316062176165
seta_market_screener_365d.csv,One row per asset / term.,47,bullish_confirmed_count,Bollinger / Overlap Alerts,Numeric,,,Count of bullish confirmed count for the term.,Aggregated from alert/event rows within the screener window.,Use to evaluate overlap/Bollinger event pressure and confirmation quality.,,38; 36; 54
seta_market_screener_365d.csv,One row per asset / term.,48,bearish_confirmed_count,Bollinger / Overlap Alerts,Numeric,,,Count of bearish confirmed count for the term.,Aggregated from alert/event rows within the screener window.,Use to evaluate overlap/Bollinger event pressure and confirmation quality.,,30; 20; 14
seta_market_screener_365d.csv,One row per asset / term.,49,confirmed_bull_bear_spread,Bollinger / Overlap Alerts,Numeric,,0,Confirmed Bull Bear Spread field in the Screener output.,Carried from source files or derived during screener construction.,Use to evaluate overlap/Bollinger event pressure and confirmation quality.,,8; 16; 40
seta_market_screener_365d.csv,One row per asset / term.,50,confirmed_to_watch_ratio,Bollinger / Overlap Alerts,Numeric,Ratio / percentage-like,,Ratio measuring confirmed to watch ratio.,Derived from count fields with safe divide handling.,Use to evaluate overlap/Bollinger event pressure and confirmation quality.,Watch candidates are not confirmed events; use as developing pressure.,0.6181818181818182; 0.4375; 0.5666666666666667
seta_market_screener_365d.csv,One row per asset / term.,51,watch_to_outside_ratio,Bollinger / Overlap Alerts,Numeric,Ratio / percentage-like,,Ratio measuring watch to outside ratio.,Derived from count fields with safe divide handling.,Use to evaluate overlap/Bollinger event pressure and confirmation quality.,Watch candidates are not confirmed events; use as developing pressure.,0.5851063829787234; 0.6368159203980099; 0.6217616580310881
seta_market_screener_365d.csv,One row per asset / term.,52,alert_density,Bollinger / Overlap Alerts,Numeric,Ratio / percentage-like,,Rate/density measure for alert density.,Derived from event counts relative to opportunities or row counts.,Use to evaluate overlap/Bollinger event pressure and confirmation quality.,,0.18579234972677597; 0.15342465753424658; 0.21656050955414013
seta_market_screener_365d.csv,One row per asset / term.,53,price_macd_direction_score,MACD,Numeric,0-100; 50 neutral,50,Classical price MACD directional score.,"Uses raw/public-comparable MACD, MACD signal, histogram, histogram slope, signal slope and cross information. 50 is neutral, above 50 bullish, below 50 bearish.",Use to understand bullish versus bearish directional bias.,Scores are model-derived interpretation aids; inspect raw values and reasons for context.,82.0; 34.0; 18.0
seta_market_screener_365d.csv,One row per asset / term.,54,sentiment_macd_direction_score,MACD,Numeric,0-100; 50 neutral,50,Sentiment MACD directional score.,"Measures whether sentiment momentum itself is improving or deteriorating. A high value means sentiment momentum is bullish, not merely aligned with price.",Use to understand bullish versus bearish directional bias.,Scores are model-derived interpretation aids; inspect raw values and reasons for context.,100.0; 0.0; 36.0
seta_market_screener_365d.csv,One row per asset / term.,55,sent_price_macd_spread_score,MACD,Numeric,0-100; 50 neutral,50,Score for relative sentiment-versus-price MACD momentum.,Measures whether sentiment MACD signal is stronger or weaker than price MACD signal after normalization for relationship scoring.,Use for momentum diagnostics and sentiment-enhanced MACD interpretation.,Scores are model-derived interpretation aids; inspect raw values and reasons for context.,53.986797559481055; 67.88078614499834; 56.83438664798256
seta_market_screener_365d.csv,One row per asset / term.,56,sent_price_macd_signal_spread,MACD,Numeric,,0,Raw spread between scaled sentiment MACD signal and price MACD signal.,Positive means sentiment MACD signal is above price MACD signal on the scaled comparison basis; negative means below.,Use for momentum diagnostics and sentiment-enhanced MACD interpretation.,Raw MACD fields remain conventional; sentiment-price relationship fields are SETA-specific.,-5.048554923799395; 0.8537788335155709; -0.0045460314626964
seta_market_screener_365d.csv,One row per asset / term.,57,sent_price_macd_spread_z,MACD,Numeric,Z-score / standardized relationship measure,0,Standardized sentiment-price MACD spread.,"Used only for SETA relationship scoring, not as a replacement for public-comparable price MACD values.",Use for momentum diagnostics and sentiment-enhanced MACD interpretation.,"Z-scores are SETA relationship/normalization aids, not public-site TA values.",0.25217500291287853; 0.8300991601752823; 0.18496476472830792
seta_market_screener_365d.csv,One row per asset / term.,58,sent_price_macd_spread_slope,MACD,Numeric,,0,Change in the sentiment-price MACD spread.,Positive means sentiment momentum is improving relative to price; negative means it is deteriorating relative to price.,Use for momentum diagnostics and sentiment-enhanced MACD interpretation.,Raw MACD fields remain conventional; sentiment-price relationship fields are SETA-specific.,0.032658517925811203; 0.4133552094329903; 0.16666430719916359
seta_market_screener_365d.csv,One row per asset / term.,59,sent_price_macd_cross,MACD,Numeric,,,Latest sentiment-over-price MACD signal crossover direction.,Bullish when scaled sentiment MACD signal crosses above price MACD signal; bearish when it crosses below.,Use for momentum diagnostics and sentiment-enhanced MACD interpretation.,Raw MACD fields remain conventional; sentiment-price relationship fields are SETA-specific.,nan
seta_market_screener_365d.csv,One row per asset / term.,60,sent_price_macd_cross_days,MACD,Numeric,,,Days since the last sentiment-price MACD crossover.,Used to decay crossover impact toward neutral as the event ages.,Use for momentum diagnostics and sentiment-enhanced MACD interpretation.,Raw MACD fields remain conventional; sentiment-price relationship fields are SETA-specific.,
seta_market_screener_365d.csv,One row per asset / term.,61,sent_price_macd_crossover_score,MACD,Numeric,0-100; 50 neutral,50,Neutral-centered event score for sentiment MACD signal crossing price MACD signal.,"10% component of macd_family_direction_score. Fresh bullish crosses score above 50, bearish crosses below 50, and old crosses fade toward 50.",Use for momentum diagnostics and sentiment-enhanced MACD interpretation.,Scores are model-derived interpretation aids; inspect raw values and reasons for context.,48.99129998834849; 53.32039664070113; 49.26014094108677
seta_market_screener_365d.csv,One row per asset / term.,62,sent_price_macd_joint_slope_score,MACD,Numeric,0-100; 50 neutral,50,Score for whether price and sentiment MACD are rising/falling together.,"Captures both-rising, both-falling, sentiment repair ahead of price, and narrative weakening despite price strength.",Use for momentum diagnostics and sentiment-enhanced MACD interpretation.,Scores are model-derived interpretation aids; inspect raw values and reasons for context.,82.0; 66.0; 34.0
seta_market_screener_365d.csv,One row per asset / term.,63,sent_price_macd_joint_slope_label,MACD,Numeric,,0,Categorical label for the sentiment-price MACD slope relationship.,"Examples include Both Rising, Both Falling, Sentiment Repair / Price Lagging, and Price Rising / Sentiment Deteriorating.",Use for momentum diagnostics and sentiment-enhanced MACD interpretation.,Raw MACD fields remain conventional; sentiment-price relationship fields are SETA-specific.,Both Rising; Sentiment Repair / Price Lagging; Price Rising / Sentiment Deteriorating
seta_market_screener_365d.csv,One row per asset / term.,64,macd_family_direction_score,MACD,Numeric,0-100; 50 neutral,50,Overall sentiment-enhanced MACD family direction score.,"Weighted blend: 30% price MACD direction, 25% sentiment MACD direction, 20% joint slope, 15% sentiment-price spread, 10% crossover score.",Use to understand bullish versus bearish directional bias.,Scores are model-derived interpretation aids; inspect raw values and reasons for context.,78.99714963275702; 81.51415758581986; 79.45117209130606
seta_market_screener_365d.csv,One row per asset / term.,65,macd_family_label,MACD,Numeric,,,Interpretive label for the MACD family setup.,"Summarizes the MACD relationship, such as Bullish Confirmation, Bearish Confirmation, Positive Divergence / Sentiment Repair, or Negative Divergence / Narrative Weakening.",Use for momentum diagnostics and sentiment-enhanced MACD interpretation.,Raw MACD fields remain conventional; sentiment-price relationship fields are SETA-specific.,Bullish Confirmation; Positive Divergence / Sentiment Repair; Negative Divergence / Narrative Weakening
seta_market_screener_365d.csv,One row per asset / term.,66,macd,MACD,Numeric,,,Macd field in the Screener output.,Carried from source files or derived during screener construction.,Use for momentum diagnostics and sentiment-enhanced MACD interpretation.,Raw MACD fields remain conventional; sentiment-price relationship fields are SETA-specific.,0.3642052613464699; 0.038327754075027; 0.0179734012272982
seta_market_screener_365d.csv,One row per asset / term.,67,macd_signal,MACD,Numeric,,,Macd Signal field in the Screener output.,Carried from source files or derived during screener construction.,Use for momentum diagnostics and sentiment-enhanced MACD interpretation.,Raw MACD fields remain conventional; sentiment-price relationship fields are SETA-specific.,0.1459840896819771; 0.0340607719202585; 0.0122573589778023
seta_market_screener_365d.csv,One row per asset / term.,68,macd_histogram,MACD,Numeric,,,Macd Histogram field in the Screener output.,Carried from source files or derived during screener construction.,Use for momentum diagnostics and sentiment-enhanced MACD interpretation.,Raw MACD fields remain conventional; sentiment-price relationship fields are SETA-specific.,0.2182211716644928; 0.0042669821547685; 0.0057160422494959
seta_market_screener_365d.csv,One row per asset / term.,69,sentiment_macd,MACD,Numeric,,,Sentiment Macd field in the Screener output.,Carried from source files or derived during screener construction.,Use for momentum diagnostics and sentiment-enhanced MACD interpretation.,Raw MACD fields remain conventional; sentiment-price relationship fields are SETA-specific.,0.0136264995041886; 0.0379144188605618; 0.0221023819606802
seta_market_screener_365d.csv,One row per asset / term.,70,sentiment_macd_signal,MACD,Numeric,,,Sentiment Macd Signal field in the Screener output.,Carried from source files or derived during screener construction.,Use for momentum diagnostics and sentiment-enhanced MACD interpretation.,Raw MACD fields remain conventional; sentiment-price relationship fields are SETA-specific.,0.0114230508354784; 0.0190752307166099; 0.0142150136326934
seta_market_screener_365d.csv,One row per asset / term.,71,scaled_sentiment_macd_signal,MACD,Numeric,,,Scaled Sentiment Macd Signal field in the Screener output.,Carried from source files or derived during screener construction.,Use for momentum diagnostics and sentiment-enhanced MACD interpretation.,Raw MACD fields remain conventional; sentiment-price relationship fields are SETA-specific.,-4.902570834117419; 0.8878396054358294; 0.0077113275151059
seta_market_screener_365d.csv,One row per asset / term.,72,price_rsi_state_score,RSI / Stoch RSI,Numeric,0-100; 50 neutral,50,Price RSI state score using conventional RSI values.,"Does not replace raw RSI. Scores price RSI state around neutral, constructive strength, weakness, overbought risk and oversold repair potential.","Use for state, timing, divergence and exhaustion/repair diagnostics.",Scores are model-derived interpretation aids; inspect raw values and reasons for context.,58.0; 70.0; 68.0
seta_market_screener_365d.csv,One row per asset / term.,73,sentiment_rsi_state_score,RSI / Stoch RSI,Numeric,0-100; 50 neutral,50,Sentiment RSI state score.,"Scores whether sentiment RSI is constructive, weak, overbought/crowded, oversold/washout, or repairing.","Use for state, timing, divergence and exhaustion/repair diagnostics.",Scores are model-derived interpretation aids; inspect raw values and reasons for context.,70.0; 45.0; 78.0
seta_market_screener_365d.csv,One row per asset / term.,74,price_rsi_risk_label,RSI / Stoch RSI,Numeric,,,Categorical label for price rsi risk label.,Derived from source labels or rule-based classification.,"Use for state, timing, divergence and exhaustion/repair diagnostics.",RSI scores preserve raw RSI comparability but add model-specific interpretation.,Neutral; Constructive momentum; Unknown
seta_market_screener_365d.csv,One row per asset / term.,75,sentiment_rsi_risk_label,RSI / Stoch RSI,Numeric,,,Categorical label for sentiment rsi risk label.,Derived from source labels or rule-based classification.,"Use for state, timing, divergence and exhaustion/repair diagnostics.",RSI scores preserve raw RSI comparability but add model-specific interpretation.,Constructive momentum; Weak / bearish bias; Neutral
seta_market_screener_365d.csv,One row per asset / term.,76,sent_price_rsi_spread,RSI / Stoch RSI,Numeric,,0,Sent Price Rsi Spread field in the Screener output.,Carried from source files or derived during screener construction.,"Use for state, timing, divergence and exhaustion/repair diagnostics.",RSI scores preserve raw RSI comparability but add model-specific interpretation.,6.049557373743738; 12.70592865281646; -0.4085258655456556
seta_market_screener_365d.csv,One row per asset / term.,77,sent_price_rsi_spread_z,RSI / Stoch RSI,Numeric,Z-score / standardized relationship measure,0,Sent Price Rsi Spread Z field in the Screener output.,Carried from source files or derived during screener construction.,"Use for state, timing, divergence and exhaustion/repair diagnostics.","Z-scores are SETA relationship/normalization aids, not public-site TA values.",0.5633094777639622; 1.6632716770962377; -0.7509911435656569
seta_market_screener_365d.csv,One row per asset / term.,78,sent_price_rsi_spread_slope,RSI / Stoch RSI,Numeric,,0,Sent Price Rsi Spread Slope field in the Screener output.,Carried from source files or derived during screener construction.,"Use for state, timing, divergence and exhaustion/repair diagnostics.",RSI scores preserve raw RSI comparability but add model-specific interpretation.,-0.7446335230130325; 0.06828020404147472; 0.2721282623905843
seta_market_screener_365d.csv,One row per asset / term.,79,sent_price_rsi_relationship_score,RSI / Stoch RSI,Numeric,0-100; 50 neutral,50,Score for the relationship between sentiment RSI and price RSI.,"Captures confirmation, positive divergence, negative divergence, sentiment leading, sentiment lagging and repair.","Use for state, timing, divergence and exhaustion/repair diagnostics.",Scores are model-derived interpretation aids; inspect raw values and reasons for context.,38.16669373417229; 64.28458992874202; 57.272767253601664
seta_market_screener_365d.csv,One row per asset / term.,80,sent_price_rsi_relationship_label,RSI / Stoch RSI,Numeric,,,Label for the sentiment-price RSI relationship.,"Describes whether price and sentiment RSI confirm, diverge, repair, deteriorate, or remain mixed.","Use for state, timing, divergence and exhaustion/repair diagnostics.",RSI scores preserve raw RSI comparability but add model-specific interpretation.,Sentiment RSI Deterioration / Price Holding; Mixed / Neutral; Sentiment RSI Repair / Price Lagging
seta_market_screener_365d.csv,One row per asset / term.,81,stoch_rsi_timing_score,RSI / Stoch RSI,Numeric,0-100; 50 neutral,50,Timing score from Stochastic RSI.,"Used as a timing overlay, not the main trend score. Favors constructive turns and penalizes rollovers.","Use for state, timing, divergence and exhaustion/repair diagnostics.",Scores are model-derived interpretation aids; inspect raw values and reasons for context.,16.0; 84.0; 60.0
seta_market_screener_365d.csv,One row per asset / term.,82,rsi_alignment_score,RSI / Stoch RSI,Numeric,0-100; 50 neutral,,Score field for rsi alignment score.,Derived from underlying indicators and normalized for the indicated family.,"Use for state, timing, divergence and exhaustion/repair diagnostics.",Scores are model-derived interpretation aids; inspect raw values and reasons for context.,93.95044262625626; 87.29407134718355; 99.59147413445434
seta_market_screener_365d.csv,One row per asset / term.,83,rsi_family_state_score,RSI / Stoch RSI,Numeric,0-100; 50 neutral,50,Overall RSI family score.,"Combines price RSI state, sentiment RSI state, sentiment-price relationship and stochastic timing.","Use for state, timing, divergence and exhaustion/repair diagnostics.",Scores are model-derived interpretation aids; inspect raw values and reasons for context.,49.74167343354307; 66.4711474821855; 68.91819181340041
seta_market_screener_365d.csv,One row per asset / term.,84,rsi_family_label,RSI / Stoch RSI,Numeric,,,Interpretive label for the RSI family setup.,"Examples include RSI Constructive, RSI Weak, RSI Mixed / Neutral and exhaustion/repair style states.","Use for state, timing, divergence and exhaustion/repair diagnostics.",RSI scores preserve raw RSI comparability but add model-specific interpretation.,RSI Mixed / Neutral; RSI Constructive; Unknown
seta_market_screener_365d.csv,One row per asset / term.,85,rsi,RSI / Stoch RSI,Numeric,,,Rsi field in the Screener output.,Carried from source files or derived during screener construction.,"Use for state, timing, divergence and exhaustion/repair diagnostics.",RSI scores preserve raw RSI comparability but add model-specific interpretation.,52.02337565194689; 52.09132185838529; 57.3133116537776
seta_market_screener_365d.csv,One row per asset / term.,86,sentiment_rsi,RSI / Stoch RSI,Numeric,,,Sentiment Rsi field in the Screener output.,Carried from source files or derived during screener construction.,"Use for state, timing, divergence and exhaustion/repair diagnostics.",RSI scores preserve raw RSI comparability but add model-specific interpretation.,58.07293302569063; 64.79725051120175; 56.90478578823195
seta_market_screener_365d.csv,One row per asset / term.,87,stochastic_rsi,RSI / Stoch RSI,Numeric,,,Stochastic Rsi field in the Screener output.,Carried from source files or derived during screener construction.,"Use for state, timing, divergence and exhaustion/repair diagnostics.",RSI scores preserve raw RSI comparability but add model-specific interpretation.,58.464918093065656; 55.30814421769364; 64.87937449266033
seta_market_screener_365d.csv,One row per asset / term.,88,stochastic_rsi_d,RSI / Stoch RSI,Numeric,,,Stochastic Rsi D field in the Screener output.,Carried from source files or derived during screener construction.,"Use for state, timing, divergence and exhaustion/repair diagnostics.",RSI scores preserve raw RSI comparability but add model-specific interpretation.,60.06502689853758; 51.54912767324513; 62.91843249495773
seta_market_screener_365d.csv,One row per asset / term.,89,sentiment_stochastic_rsi_d,RSI / Stoch RSI,Numeric,,,Sentiment Stochastic Rsi D field in the Screener output.,Carried from source files or derived during screener construction.,"Use for state, timing, divergence and exhaustion/repair diagnostics.",RSI scores preserve raw RSI comparability but add model-specific interpretation.,89.24737962939362; 75.59877188746134; 48.735308153631166
seta_market_screener_365d.csv,One row per asset / term.,90,sent_ribbon_direction_score,Sentiment Ribbon,Numeric,0-100; 50 neutral,50,Directional score for the sentiment moving-average ribbon.,"Neutral-centered score based on sentiment MA stack, slope and trend structure.",Use to understand bullish versus bearish directional bias.,Scores are model-derived interpretation aids; inspect raw values and reasons for context.,92.0; 75.0; 100.0
seta_market_screener_365d.csv,One row per asset / term.,91,sent_ribbon_structure_score,Sentiment Ribbon,Numeric,0-100; higher = stronger / higher priority,,Confidence/structure score for the sentiment ribbon.,"Measures how clean, coherent or unstable the sentiment ribbon structure is.","Use as context, join key, filter, or supporting diagnostic.",Scores are model-derived interpretation aids; inspect raw values and reasons for context.,82.80000000000001; 67.5; 90.0
seta_market_screener_365d.csv,One row per asset / term.,92,sent_ribbon_label,Sentiment Ribbon,Text / categorical,,,Human-readable label for the sentiment ribbon state.,"Examples include Bullish Expansion, Bearish Expansion, Mixed / Neutral and Unknown.","Use as context, join key, filter, or supporting diagnostic.",,Bullish Expansion; Bearish Expansion; Mixed / Neutral
seta_market_screener_365d.csv,One row per asset / term.,93,sent_ribbon_transition_risk_score,Sentiment Ribbon,Numeric,,,Risk score for recent ribbon transition or unstable ribbon behavior.,Higher values indicate more transition risk or less settled ribbon structure.,"Use as context, join key, filter, or supporting diagnostic.",Scores are model-derived interpretation aids; inspect raw values and reasons for context.,0.0; 2.799999999999997; 10.0
seta_market_screener_365d.csv,One row per asset / term.,94,ma_trend_direction_score,Trend / Moving Averages,Numeric,0-100; 50 neutral,50,Directional score for price and sentiment moving-average trend structure.,"Uses MA ladder relationships, not raw levels. Above 50 means bullish stacking; below 50 bearish/mixed stacking.",Use to understand bullish versus bearish directional bias.,Scores are model-derived interpretation aids; inspect raw values and reasons for context.,62.5; 37.5; 50.0
seta_market_screener_365d.csv,One row per asset / term.,95,attention_participation_score,Attention / Engagement,Numeric,0-100; 50 neutral,,0-100 score for current participation/attention.,"Summarizes attention level, engagement z-scores and recent event activity. Higher means the market is paying more attention.",Use to identify whether participation is elevated and whether attention confirms the signal.,Scores are model-derived interpretation aids; inspect raw values and reasons for context.,40.79830688933271; 36.44692166555737; 26.885357081964354
seta_market_screener_365d.csv,One row per asset / term.,96,attention_confirmation_score,Attention / Engagement,Numeric,0-100; 50 neutral,,Score for whether attention confirms the directional setup.,Higher when attention/conviction aligns with signal direction; lower when attention is quiet or contradictory.,Use to identify whether participation is elevated and whether attention confirms the signal.,Scores are model-derived interpretation aids; inspect raw values and reasons for context.,70.0; 32.0; 50.0
seta_market_screener_365d.csv,One row per asset / term.,97,attention_level_score,Attention / Engagement,Numeric,,,Score field for attention level score.,Derived from underlying indicators and normalized for the indicated family.,Use to identify whether participation is elevated and whether attention confirms the signal.,Scores are model-derived interpretation aids; inspect raw values and reasons for context.,40.54344619547402; 28.67500802247154; 14.065642514099098
seta_market_screener_365d.csv,One row per asset / term.,98,attention_conviction_score_signed,Attention / Engagement,Numeric,-50 to +50 approx.; 0 neutral,0,Score field for attention conviction score signed.,Derived from underlying indicators and normalized for the indicated family.,Use to identify whether participation is elevated and whether attention confirms the signal.,Scores are model-derived interpretation aids; inspect raw values and reasons for context.,2.135194620298685; 7.341549256860273; 1.7311707064347168
seta_market_screener_365d.csv,One row per asset / term.,99,attention_regime_score,Attention / Engagement,Numeric,,,Score field for attention regime score.,Derived from underlying indicators and normalized for the indicated family.,Use to identify whether participation is elevated and whether attention confirms the signal.,Scores are model-derived interpretation aids; inspect raw values and reasons for context.,36.11820984651558; 31.688524730062746; 24.132494004970667
seta_market_screener_365d.csv,One row per asset / term.,100,avg_attention_level_score,Attention / Engagement,Numeric,,,Average value for Avg Attention Level Score over the audit/history window.,Usually aggregated by term across the 365-day window.,Use to identify whether participation is elevated and whether attention confirms the signal.,Scores are model-derived interpretation aids; inspect raw values and reasons for context.,15.41034794385841; 10.066610565158998; 15.432648246905313
seta_market_screener_365d.csv,One row per asset / term.,101,avg_combined_engagement_z,Attention / Engagement,Numeric,Z-score / standardized relationship measure,0,Average value for Avg Combined Engagement Z over the audit/history window.,Usually aggregated by term across the 365-day window.,Use to identify whether participation is elevated and whether attention confirms the signal.,"Z-scores are SETA relationship/normalization aids, not public-site TA values.",0.1538302122081809; 0.1395613347934468; 0.1631749157694703
seta_market_screener_365d.csv,One row per asset / term.,102,x_engagement_sum_z,Attention / Engagement,Numeric,Z-score / standardized relationship measure,0,X Engagement Sum Z field in the Screener output.,Carried from source files or derived during screener construction.,Use to identify whether participation is elevated and whether attention confirms the signal.,"Z-scores are SETA relationship/normalization aids, not public-site TA values.",-0.1034331924077098; 1.7325172267050155; 0.0
seta_market_screener_365d.csv,One row per asset / term.,103,reddit_engagement_sum_z,Attention / Engagement,Numeric,Z-score / standardized relationship measure,0,Reddit Engagement Sum Z field in the Screener output.,Carried from source files or derived during screener construction.,Use to identify whether participation is elevated and whether attention confirms the signal.,"Z-scores are SETA relationship/normalization aids, not public-site TA values.",-1.2348234805612155; -0.5953302909041155; -0.58156234050402
seta_market_screener_365d.csv,One row per asset / term.,104,bsky_engagement_sum_z,Attention / Engagement,Numeric,Z-score / standardized relationship measure,0,Bsky Engagement Sum Z field in the Screener output.,Carried from source files or derived during screener construction.,Use to identify whether participation is elevated and whether attention confirms the signal.,"Z-scores are SETA relationship/normalization aids, not public-site TA values.",-0.7711193834361144; 1.7037599973472513; 0.0945183651660923
seta_market_screener_365d.csv,One row per asset / term.,105,news_engagement_sum,Attention / Engagement,Text / categorical,,,News Engagement Sum field in the Screener output.,Carried from source files or derived during screener construction.,Use to identify whether participation is elevated and whether attention confirms the signal.,,0.0
seta_market_screener_365d.csv,One row per asset / term.,106,news_proxy_engagement_raw,Attention / Engagement,Text / categorical,,,News Proxy Engagement Raw field in the Screener output.,Carried from source files or derived during screener construction.,Use to identify whether participation is elevated and whether attention confirms the signal.,,0.0
seta_market_screener_365d.csv,One row per asset / term.,107,recent_watch_count_7d,Bollinger / Overlap Alerts,Numeric,,,Recent-window count or average for Recent Watch Count 7D.,"Calculated from events in the recent lookback window, generally 7 or 30 days depending on the column name.",Use to evaluate overlap/Bollinger event pressure and confirmation quality.,Watch candidates are not confirmed events; use as developing pressure.,0.0; 5.0; 3.0
seta_market_screener_365d.csv,One row per asset / term.,108,recent_bullish_watch_count_7d,Bollinger / Overlap Alerts,Numeric,,,Recent-window count or average for Recent Bullish Watch Count 7D.,"Calculated from events in the recent lookback window, generally 7 or 30 days depending on the column name.",Use to evaluate overlap/Bollinger event pressure and confirmation quality.,Watch candidates are not confirmed events; use as developing pressure.,0.0; 5.0; 3.0
seta_market_screener_365d.csv,One row per asset / term.,109,recent_bearish_watch_count_7d,Bollinger / Overlap Alerts,Numeric,,,Recent-window count or average for Recent Bearish Watch Count 7D.,"Calculated from events in the recent lookback window, generally 7 or 30 days depending on the column name.",Use to evaluate overlap/Bollinger event pressure and confirmation quality.,Watch candidates are not confirmed events; use as developing pressure.,0.0; 5.0; 2.0
seta_market_screener_365d.csv,One row per asset / term.,110,recent_confirmed_count_7d,Bollinger / Overlap Alerts,Numeric,,,Recent-window count or average for Recent Confirmed Count 7D.,"Calculated from events in the recent lookback window, generally 7 or 30 days depending on the column name.",Use to evaluate overlap/Bollinger event pressure and confirmation quality.,,4.0; 3.0; 1.0
seta_market_screener_365d.csv,One row per asset / term.,111,recent_bullish_confirmed_count_7d,Bollinger / Overlap Alerts,Numeric,,,Recent-window count or average for Recent Bullish Confirmed Count 7D.,"Calculated from events in the recent lookback window, generally 7 or 30 days depending on the column name.",Use to evaluate overlap/Bollinger event pressure and confirmation quality.,,3.0; 1.0; 0.0
seta_market_screener_365d.csv,One row per asset / term.,112,recent_bearish_confirmed_count_7d,Bollinger / Overlap Alerts,Numeric,,,Recent-window count or average for Recent Bearish Confirmed Count 7D.,"Calculated from events in the recent lookback window, generally 7 or 30 days depending on the column name.",Use to evaluate overlap/Bollinger event pressure and confirmation quality.,,1.0; 0.0; 2.0
seta_market_screener_365d.csv,One row per asset / term.,113,recent_event_count_30d,General,Numeric,,,Recent-window count or average for Recent Event Count 30D.,"Calculated from events in the recent lookback window, generally 7 or 30 days depending on the column name.","Use as context, join key, filter, or supporting diagnostic.",,31.0; 17.0
seta_market_screener_365d.csv,One row per asset / term.,114,recent_avg_alert_quality_30d,Bollinger / Overlap Alerts,Numeric,,,Recent-window count or average for Recent Avg Alert Quality 30D.,"Calculated from events in the recent lookback window, generally 7 or 30 days depending on the column name.",Use to evaluate overlap/Bollinger event pressure and confirmation quality.,,55.68925772152897; 51.1118826532401; 48.353522424340746
seta_market_screener_365d.csv,One row per asset / term.,115,reason_fresh_confirmed_event,Bollinger / Overlap Alerts,Boolean flag (0/1 or TRUE/FALSE),TRUE/FALSE,,Reason-code flag indicating whether Reason Fresh Confirmed Event applies.,Used to build screener_reason_summary and filter narrative drivers.,"Use for verbal summaries, dashboard cards and explanation layers.",,1; 0
seta_market_screener_365d.csv,One row per asset / term.,116,reason_high_attention,Attention / Engagement,Boolean flag (0/1 or TRUE/FALSE),TRUE/FALSE,,Reason-code flag indicating whether Reason High Attention applies.,Used to build screener_reason_summary and filter narrative drivers.,"Use for verbal summaries, dashboard cards and explanation layers.",,0
seta_market_screener_365d.csv,One row per asset / term.,117,reason_bollinger_extreme,Bollinger / Overlap Alerts,Boolean flag (0/1 or TRUE/FALSE),TRUE/FALSE,,Reason-code flag indicating whether Reason Bollinger Extreme applies.,Used to build screener_reason_summary and filter narrative drivers.,"Use for verbal summaries, dashboard cards and explanation layers.",,1; 0
seta_market_screener_365d.csv,One row per asset / term.,118,reason_macd_improving,MACD,Boolean flag (0/1 or TRUE/FALSE),TRUE/FALSE,,Reason-code flag indicating whether Reason Macd Improving applies.,Used to build screener_reason_summary and filter narrative drivers.,"Use for verbal summaries, dashboard cards and explanation layers.",Raw MACD fields remain conventional; sentiment-price relationship fields are SETA-specific.,1; 0
seta_market_screener_365d.csv,One row per asset / term.,119,reason_sentiment_momentum,General,Boolean flag (0/1 or TRUE/FALSE),TRUE/FALSE,,Reason-code flag indicating whether Reason Sentiment Momentum applies.,Used to build screener_reason_summary and filter narrative drivers.,"Use for verbal summaries, dashboard cards and explanation layers.",,1; 0
seta_market_screener_365d.csv,One row per asset / term.,120,reason_low_dispersion,Signal Consensus,Boolean flag (0/1 or TRUE/FALSE),TRUE/FALSE,,Reason-code flag indicating whether Reason Low Dispersion applies.,Used to build screener_reason_summary and filter narrative drivers.,Use to separate clean setups from noisy or conflicted ones.,RSI scores preserve raw RSI comparability but add model-specific interpretation.,1; 0
seta_market_screener_365d.csv,One row per asset / term.,121,reason_high_dispersion,Signal Consensus,Boolean flag (0/1 or TRUE/FALSE),TRUE/FALSE,,Reason-code flag indicating whether Reason High Dispersion applies.,Used to build screener_reason_summary and filter narrative drivers.,Use to separate clean setups from noisy or conflicted ones.,RSI scores preserve raw RSI comparability but add model-specific interpretation.,0; 1
seta_market_screener_365d.csv,One row per asset / term.,122,reason_stale_event,General,Boolean flag (0/1 or TRUE/FALSE),TRUE/FALSE,,Reason-code flag indicating whether Reason Stale Event applies.,Used to build screener_reason_summary and filter narrative drivers.,"Use for verbal summaries, dashboard cards and explanation layers.",,0
seta_market_screener_365d.csv,One row per asset / term.,123,reason_conflicted_signals,General,Boolean flag (0/1 or TRUE/FALSE),TRUE/FALSE,,Reason-code flag indicating whether Reason Conflicted Signals applies.,Used to build screener_reason_summary and filter narrative drivers.,"Use for verbal summaries, dashboard cards and explanation layers.",,0; 1
seta_market_screener_365d.csv,One row per asset / term.,124,date_min,General,Date,,,Date field for date min.,Standardized to yyyy-mm-dd where possible.,"Use as context, join key, filter, or supporting diagnostic.",,2025-04-25; 2025-06-13; 2025-06-11
seta_market_screener_365d.csv,One row per asset / term.,125,date_max,General,Date,,,Date field for date max.,Standardized to yyyy-mm-dd where possible.,"Use as context, join key, filter, or supporting diagnostic.",,2026-04-25
seta_market_screener_365d.csv,One row per asset / term.,126,rows,General,Numeric,,,Rows field in the Screener output.,Carried from source files or derived during screener construction.,"Use as context, join key, filter, or supporting diagnostic.",,366; 365; 314
seta_market_screener_365d.csv,One row per asset / term.,127,confirmed_high_volume_count,Bollinger / Overlap Alerts,Numeric,,,Count of confirmed high volume count for the term.,Aggregated from alert/event rows within the screener window.,Use to evaluate overlap/Bollinger event pressure and confirmation quality.,,29; 23; 25
seta_market_screener_365d.csv,One row per asset / term.,128,reentry_count,Bollinger / Overlap Alerts,Numeric,,,Count of reentry count for the term.,Aggregated from alert/event rows within the screener window.,"Use as context, join key, filter, or supporting diagnostic.",,13; 11; 19
seta_market_screener_365d.csv,One row per asset / term.,129,rejection_count,Bollinger / Overlap Alerts,Numeric,,,Count of rejection count for the term.,Aggregated from alert/event rows within the screener window.,"Use as context, join key, filter, or supporting diagnostic.",,53; 51; 41
seta_market_screener_365d.csv,One row per asset / term.,130,avg_alert_quality_score,Bollinger / Overlap Alerts,Numeric,0-100; higher = stronger / higher priority,,Average value for Avg Alert Quality Score over the audit/history window.,Usually aggregated by term across the 365-day window.,Use to evaluate overlap/Bollinger event pressure and confirmation quality.,Scores are model-derived interpretation aids; inspect raw values and reasons for context.,43.43967742200012; 43.37996268937021; 45.299358889823615
seta_market_screener_365d.csv,One row per asset / term.,131,max_alert_quality_score,Bollinger / Overlap Alerts,Numeric,0-100; higher = stronger / higher priority,,Maximum value for Max Alert Quality Score over the audit/history window.,Usually aggregated by term across the 365-day window.,Use to evaluate overlap/Bollinger event pressure and confirmation quality.,Scores are model-derived interpretation aids; inspect raw values and reasons for context.,100.0; 91.1745475883172; 91.31979047070423
seta_market_screener_365d.csv,One row per asset / term.,132,latest_alert_date,Bollinger / Overlap Alerts,Date,,,Date field for latest alert date.,Standardized to yyyy-mm-dd where possible.,Use to evaluate overlap/Bollinger event pressure and confirmation quality.,Latest event may be a watch or stale event; check recency and tier.,2026-04-25; 2026-04-19
seta_market_screener_365d.csv,One row per asset / term.,133,latest_alert_tier,Bollinger / Overlap Alerts,Text / categorical,,,Categorical label for latest alert tier.,Derived from source labels or rule-based classification.,Use to evaluate overlap/Bollinger event pressure and confirmation quality.,Latest event may be a watch or stale event; check recency and tier.,Confirmed; Watch; Reentry
seta_market_screener_365d.csv,One row per asset / term.,134,latest_alert_direction,Bollinger / Overlap Alerts,Text / categorical,,,Categorical label for latest alert direction.,Derived from source labels or rule-based classification.,Use to evaluate overlap/Bollinger event pressure and confirmation quality.,Latest event may be a watch or stale event; check recency and tier.,Bullish; Bearish
seta_market_screener_365d.csv,One row per asset / term.,135,latest_confirmed_date,Bollinger / Overlap Alerts,Date,,,Latest confirmed-alert field: Latest Confirmed Date.,Pulled from the most recent confirmed event for the term when available.,Use to evaluate overlap/Bollinger event pressure and confirmation quality.,Latest event may be a watch or stale event; check recency and tier.,2026-04-25; 2026-04-24; 2026-04-12
seta_market_screener_365d.csv,One row per asset / term.,136,latest_confirmed_tier,Bollinger / Overlap Alerts,Text / categorical,,,Latest confirmed-alert field: Latest Confirmed Tier.,Pulled from the most recent confirmed event for the term when available.,Use to evaluate overlap/Bollinger event pressure and confirmation quality.,Latest event may be a watch or stale event; check recency and tier.,Confirmed; Confirmed High Volume
seta_market_screener_365d.csv,One row per asset / term.,137,latest_confirmed_direction,Bollinger / Overlap Alerts,Text / categorical,,,Latest confirmed-alert field: Latest Confirmed Direction.,Pulled from the most recent confirmed event for the term when available.,Use to evaluate overlap/Bollinger event pressure and confirmation quality.,Latest event may be a watch or stale event; check recency and tier.,Bullish; Bearish
seta_market_screener_365d.csv,One row per asset / term.,138,latest_dashboard_summary_label,Latest State,Text / categorical,,,Categorical label for latest dashboard summary label.,Derived from source labels or rule-based classification.,"Use for verbal summaries, dashboard cards and explanation layers.",Latest event may be a watch or stale event; check recency and tier.,Compression / Transition; Normal / Broad; Confirmed Bullish; Bullish Expansion; Normal / Broad; Confirmed Bullish; Mixed; Normal / Broad; Watch Bullish
seta_market_screener_365d.csv,One row per asset / term.,139,high_volume_7,General,Numeric,,,High Volume 7 field in the Screener output.,Carried from source files or derived during screener construction.,"Use as context, join key, filter, or supporting diagnostic.",,0.0; 1.0
seta_market_screener_365d.csv,One row per asset / term.,140,high_volume_20,General,Numeric,,,High Volume 20 field in the Screener output.,Carried from source files or derived during screener construction.,"Use as context, join key, filter, or supporting diagnostic.",,0.0; 1.0
seta_market_screener_365d.csv,One row per asset / term.,141,scaled_sentiment_macd,MACD,Numeric,,,Scaled Sentiment Macd field in the Screener output.,Carried from source files or derived during screener construction.,Use for momentum diagnostics and sentiment-enhanced MACD interpretation.,Raw MACD fields remain conventional; sentiment-price relationship fields are SETA-specific.,-4.857851264018475; 1.0036573007478309; 0.0586771421307438
seta_market_screener_365d.csv,One row per asset / term.,142,sentiment_macd_histogram,MACD,Numeric,,,Sentiment Macd Histogram field in the Screener output.,Carried from source files or derived during screener construction.,Use for momentum diagnostics and sentiment-enhanced MACD interpretation.,Raw MACD fields remain conventional; sentiment-price relationship fields are SETA-specific.,0.0447195700989437; 0.1158176953120012; 0.0509658146156379
seta_market_screener_365d.csv,One row per asset / term.,143,macd_signal_cross,MACD,Numeric,,,Macd Signal Cross field in the Screener output.,Carried from source files or derived during screener construction.,Use for momentum diagnostics and sentiment-enhanced MACD interpretation.,Raw MACD fields remain conventional; sentiment-price relationship fields are SETA-specific.,0.0
seta_market_screener_365d.csv,One row per asset / term.,144,macd_cross_significance,MACD,Numeric,,,Macd Cross Significance field in the Screener output.,Carried from source files or derived during screener construction.,Use for momentum diagnostics and sentiment-enhanced MACD interpretation.,Raw MACD fields remain conventional; sentiment-price relationship fields are SETA-specific.,0.0
seta_market_screener_365d.csv,One row per asset / term.,145,sentiment_macd_signal_direction,MACD,Numeric,,,Categorical label for sentiment macd signal direction.,Derived from source labels or rule-based classification.,Use for momentum diagnostics and sentiment-enhanced MACD interpretation.,Raw MACD fields remain conventional; sentiment-price relationship fields are SETA-specific.,1.0; -1.0
seta_market_screener_365d.csv,One row per asset / term.,146,macd_histogram_slope,MACD,Numeric,,0,Macd Histogram Slope field in the Screener output.,Carried from source files or derived during screener construction.,Use for momentum diagnostics and sentiment-enhanced MACD interpretation.,Raw MACD fields remain conventional; sentiment-price relationship fields are SETA-specific.,-0.05455529291612318; -0.0010667455386922002; -0.0014290105623740003
seta_market_screener_365d.csv,One row per asset / term.,147,macd_signal_slope,MACD,Numeric,,0,Macd Signal Slope field in the Screener output.,Carried from source files or derived during screener construction.,Use for momentum diagnostics and sentiment-enhanced MACD interpretation.,Raw MACD fields remain conventional; sentiment-price relationship fields are SETA-specific.,0.054555292916123196; 0.001066745538692196; 0.0014290105623740012
seta_market_screener_365d.csv,One row per asset / term.,148,sentiment_macd_signal_slope,MACD,Numeric,,0,Sentiment Macd Signal Slope field in the Screener output.,Carried from source files or derived during screener construction.,Use for momentum diagnostics and sentiment-enhanced MACD interpretation.,Raw MACD fields remain conventional; sentiment-price relationship fields are SETA-specific.,0.0005508621671775002; 0.004709797035987999; 0.001971842081996699
seta_market_screener_365d.csv,One row per asset / term.,149,sentiment_macd_signal_accel,MACD,Numeric,,,Sentiment Macd Signal Accel field in the Screener output.,Carried from source files or derived during screener construction.,Use for momentum diagnostics and sentiment-enhanced MACD interpretation.,Raw MACD fields remain conventional; sentiment-price relationship fields are SETA-specific.,-0.0012177502964572009; -0.0011774492589969997; 0.00040221373424509897
seta_market_screener_365d.csv,One row per asset / term.,150,rsi_slope,RSI / Stoch RSI,Numeric,,0,Rsi Slope field in the Screener output.,Carried from source files or derived during screener construction.,"Use for state, timing, divergence and exhaustion/repair diagnostics.",RSI scores preserve raw RSI comparability but add model-specific interpretation.,0.0
seta_market_screener_365d.csv,One row per asset / term.,151,sentiment_rsi_slope,RSI / Stoch RSI,Numeric,,0,Sentiment Rsi Slope field in the Screener output.,Carried from source files or derived during screener construction.,"Use for state, timing, divergence and exhaustion/repair diagnostics.",RSI scores preserve raw RSI comparability but add model-specific interpretation.,-4.480641098526171; 0.0; 1.402830561040446
seta_market_screener_365d.csv,One row per asset / term.,152,stochastic_rsi_slope,RSI / Stoch RSI,Numeric,,0,Stochastic Rsi Slope field in the Screener output.,Carried from source files or derived during screener construction.,"Use for state, timing, divergence and exhaustion/repair diagnostics.",RSI scores preserve raw RSI comparability but add model-specific interpretation.,-2.891184174264815; 4.534328765211448; 2.315520842989038
seta_market_screener_365d.csv,One row per asset / term.,153,boll_overlap_state,Bollinger / Overlap Alerts,Text / categorical,,,Categorical label for boll overlap state.,Derived from source labels or rule-based classification.,Use to evaluate overlap/Bollinger event pressure and confirmation quality.,,Inactive
seta_market_screener_365d.csv,One row per asset / term.,154,boll_overlap_event_type,Bollinger / Overlap Alerts,Text / categorical,,,Categorical label for boll overlap event type.,Derived from source labels or rule-based classification.,Use to evaluate overlap/Bollinger event pressure and confirmation quality.,,
seta_market_screener_365d.csv,One row per asset / term.,155,boll_volatility_flag,Bollinger / Overlap Alerts,Text / categorical,,,Boll Volatility Flag field in the Screener output.,Carried from source files or derived during screener construction.,Use to evaluate overlap/Bollinger event pressure and confirmation quality.,,
seta_market_screener_365d.csv,One row per asset / term.,156,close_ma_7,Trend / Moving Averages,Numeric,,,Close Ma 7 field in the Screener output.,Carried from source files or derived during screener construction.,"Use as context, join key, filter, or supporting diagnostic.",,85.78089803891032; 9.309204912880038; 1.42804803301119
seta_market_screener_365d.csv,One row per asset / term.,157,close_ma_21,Trend / Moving Averages,Numeric,,,Close Ma 21 field in the Screener output.,Carried from source files or derived during screener construction.,"Use as context, join key, filter, or supporting diagnostic.",,84.72105724057933; 9.31610359137684; 1.3867106613909452
seta_market_screener_365d.csv,One row per asset / term.,158,close_ma_50,Trend / Moving Averages,Numeric,,,Close Ma 50 field in the Screener output.,Carried from source files or derived during screener construction.,"Use as context, join key, filter, or supporting diagnostic.",,85.75675490822955; 9.320562843124929; 1.3884345412778965
seta_market_screener_365d.csv,One row per asset / term.,159,close_ma_100,Trend / Moving Averages,Numeric,,,Close Ma 100 field in the Screener output.,Carried from source files or derived during screener construction.,"Use as context, join key, filter, or supporting diagnostic.",,93.66664983817851; 9.750443713469258; 1.4895690428589248
seta_market_screener_365d.csv,One row per asset / term.,160,close_ma_200,Trend / Moving Averages,Numeric,,,Close Ma 200 field in the Screener output.,Carried from source files or derived during screener construction.,"Use as context, join key, filter, or supporting diagnostic.",,123.39191235514448; 12.861615300014812; 1.846532109891981
seta_market_screener_365d.csv,One row per asset / term.,161,combined_compound_ma_7,Trend / Moving Averages,Text / categorical,,,Combined Compound Ma 7 field in the Screener output.,Carried from source files or derived during screener construction.,"Use as context, join key, filter, or supporting diagnostic.",,0.1929177447132653; 0.2491394692630658; 0.1841370779657051
seta_market_screener_365d.csv,One row per asset / term.,162,combined_compound_ma_21,Trend / Moving Averages,Text / categorical,,,Combined Compound Ma 21 field in the Screener output.,Carried from source files or derived during screener construction.,"Use as context, join key, filter, or supporting diagnostic.",,0.1770428153488341; 0.1821871761351403; 0.1523906857206359
seta_market_screener_365d.csv,One row per asset / term.,163,combined_compound_ma_50,Trend / Moving Averages,Text / categorical,,,Combined Compound Ma 50 field in the Screener output.,Carried from source files or derived during screener construction.,"Use as context, join key, filter, or supporting diagnostic.",,0.1648949653507894; 0.1505471072837797; 0.1322691352159003
seta_market_screener_365d.csv,One row per asset / term.,164,combined_compound_ma_100,Trend / Moving Averages,Text / categorical,,,Combined Compound Ma 100 field in the Screener output.,Carried from source files or derived during screener construction.,"Use as context, join key, filter, or supporting diagnostic.",,0.159506138006954; 0.1396962384218497; 0.1206676896726531
seta_market_screener_365d.csv,One row per asset / term.,165,combined_compound_ma_200,Trend / Moving Averages,Text / categorical,,,Combined Compound Ma 200 field in the Screener output.,Carried from source files or derived during screener construction.,"Use as context, join key, filter, or supporting diagnostic.",,0.1593241687608549; 0.1467236791895646; 0.1009686892353291
seta_market_screener_365d.csv,One row per asset / term.,166,combined_compound_ma_21_pct_change,Trend / Moving Averages,Numeric,Ratio / percentage-like,,Combined Compound Ma 21 Pct Change field in the Screener output.,Carried from source files or derived during screener construction.,"Use as context, join key, filter, or supporting diagnostic.",,-1.201635212495078; 0.0; 4.78246646332674
seta_market_screener_365d.csv,One row per asset / term.,167,latest_event_date,Latest State,Date,,,Latest alert-event field: Latest Event Date.,Pulled from the most recent row in seta_alert_events_365d for the term.,"Use as context, join key, filter, or supporting diagnostic.",Latest event may be a watch or stale event; check recency and tier.,2026-04-25; 2026-04-19
seta_market_screener_365d.csv,One row per asset / term.,168,latest_event_overlap_state,Bollinger / Overlap Alerts,Text / categorical,,,Latest alert-event field: Latest Event Overlap State.,Pulled from the most recent row in seta_alert_events_365d for the term.,Use to evaluate overlap/Bollinger event pressure and confirmation quality.,Latest event may be a watch or stale event; check recency and tier.,Bullish Pressure Active; Bearish Pressure Active; Inactive
seta_market_screener_365d.csv,One row per asset / term.,169,latest_event_overlap_event_type,Bollinger / Overlap Alerts,Text / categorical,,,Latest alert-event field: Latest Event Overlap Event Type.,Pulled from the most recent row in seta_alert_events_365d for the term.,Use to evaluate overlap/Bollinger event pressure and confirmation quality.,Latest event may be a watch or stale event; check recency and tier.,Confirmed Bullish Pressure; Unconfirmed Bullish Pressure; Confirmed Bearish Pressure
seta_market_screener_365d.csv,One row per asset / term.,170,latest_event_close,Latest State,Numeric,,,Latest alert-event field: Latest Event Close.,Pulled from the most recent row in seta_alert_events_365d for the term.,"Use as context, join key, filter, or supporting diagnostic.",Latest event may be a watch or stale event; check recency and tier.,86.30307638048284; 9.4434; 1.4372823677174544
seta_market_screener_365d.csv,One row per asset / term.,171,latest_event_volume,Latest State,Numeric,,,Latest alert-event field: Latest Event Volume.,Pulled from the most recent row in seta_alert_events_365d for the term.,"Use as context, join key, filter, or supporting diagnostic.",Latest event may be a watch or stale event; check recency and tier.,59342.0; 27897.0; 3775566.0
seta_market_screener_365d.csv,One row per asset / term.,172,latest_event_high_volume_20,Latest State,Numeric,,,Latest alert-event field: Latest Event High Volume 20.,Pulled from the most recent row in seta_alert_events_365d for the term.,"Use as context, join key, filter, or supporting diagnostic.",Latest event may be a watch or stale event; check recency and tier.,0.0
seta_market_screener_365d.csv,One row per asset / term.,173,latest_event_boll_volatility_flag,Bollinger / Overlap Alerts,Text / categorical,,,Latest alert-event field: Latest Event Boll Volatility Flag.,Pulled from the most recent row in seta_alert_events_365d for the term.,Use to evaluate overlap/Bollinger event pressure and confirmation quality.,Latest event may be a watch or stale event; check recency and tier.,High; Low
seta_market_screener_365d.csv,One row per asset / term.,174,latest_event_sent_ribbon_regime,Sentiment Ribbon,Text / categorical,,,Latest alert-event field: Latest Event Sent Ribbon Regime.,Pulled from the most recent row in seta_alert_events_365d for the term.,"Use as context, join key, filter, or supporting diagnostic.",Latest event may be a watch or stale event; check recency and tier.,Compression / Transition; Bullish Expansion; Mixed
seta_market_screener_365d.csv,One row per asset / term.,175,latest_event_sent_ribbon_regime_score,Sentiment Ribbon,Numeric,,,Latest alert-event field: Latest Event Sent Ribbon Regime Score.,Pulled from the most recent row in seta_alert_events_365d for the term.,"Use as context, join key, filter, or supporting diagnostic.",Scores are model-derived interpretation aids; inspect raw values and reasons for context.,61.71532235789167; 74.7284377308862; 28.002082883520497
seta_market_screener_365d.csv,One row per asset / term.,176,latest_event_sent_ribbon_regime_confidence,Sentiment Ribbon,Numeric,0-100; higher = stronger / higher priority,50 = moderate confidence,Latest alert-event field: Latest Event Sent Ribbon Regime Confidence.,Pulled from the most recent row in seta_alert_events_365d for the term.,Use to separate clean setups from noisy or conflicted ones.,Latest event may be a watch or stale event; check recency and tier.,28.78663091199072; 51.81748810513078; 46.91164009754662
seta_market_screener_365d.csv,One row per asset / term.,177,latest_event_attention_level_score,Attention / Engagement,Numeric,,,Latest alert-event field: Latest Event Attention Level Score.,Pulled from the most recent row in seta_alert_events_365d for the term.,Use to identify whether participation is elevated and whether attention confirms the signal.,Scores are model-derived interpretation aids; inspect raw values and reasons for context.,40.49469978587274; 26.41048572718959; 18.5809698870018
seta_market_screener_365d.csv,One row per asset / term.,178,latest_event_attention_conviction_score_signed,Attention / Engagement,Numeric,-50 to +50 approx.; 0 neutral,0,Latest alert-event field: Latest Event Attention Conviction Score Signed.,Pulled from the most recent row in seta_alert_events_365d for the term.,Use to identify whether participation is elevated and whether attention confirms the signal.,Scores are model-derived interpretation aids; inspect raw values and reasons for context.,-9.004635698117513; -8.417669863348626; 1.5665238465741511
seta_market_screener_365d.csv,One row per asset / term.,179,latest_event_attention_regime_label,Attention / Engagement,Text / categorical,,,Latest alert-event field: Latest Event Attention Regime Label.,Pulled from the most recent row in seta_alert_events_365d for the term.,Use to identify whether participation is elevated and whether attention confirms the signal.,Latest event may be a watch or stale event; check recency and tier.,Normal
seta_market_screener_365d.csv,One row per asset / term.,180,latest_event_combined_engagement_z,Attention / Engagement,Numeric,Z-score / standardized relationship measure,0,Latest alert-event field: Latest Event Combined Engagement Z.,Pulled from the most recent row in seta_alert_events_365d for the term.,Use to identify whether participation is elevated and whether attention confirms the signal.,"Z-scores are SETA relationship/normalization aids, not public-site TA values.",-0.5608440347490322; 0.2310358785674935; -0.1772423842868259
seta_market_screener_365d.csv,One row per asset / term.,181,latest_event_combined_spike_z,Latest State,Numeric,Z-score / standardized relationship measure,0,Latest alert-event field: Latest Event Combined Spike Z.,Pulled from the most recent row in seta_alert_events_365d for the term.,"Use as context, join key, filter, or supporting diagnostic.","Z-scores are SETA relationship/normalization aids, not public-site TA values.",1.0; 0.0
seta_market_screener_365d.csv,One row per asset / term.,182,latest_confirmed_close,Bollinger / Overlap Alerts,Numeric,,,Latest confirmed-alert field: Latest Confirmed Close.,Pulled from the most recent confirmed event for the term when available.,Use to evaluate overlap/Bollinger event pressure and confirmation quality.,Latest event may be a watch or stale event; check recency and tier.,86.30307638048284; 9.4434; 1.4340007532376116
seta_market_screener_365d.csv,One row per asset / term.,183,asof_date,General,Date,,,Date field for asof date.,Standardized to yyyy-mm-dd where possible.,"Use as context, join key, filter, or supporting diagnostic.",,2026-04-25
seta_market_screener_365d.csv,One row per asset / term.,184,days_since_latest_data,Latest State,Numeric,,,Days Since Latest Data field in the Screener output.,Carried from source files or derived during screener construction.,"Use as context, join key, filter, or supporting diagnostic.",Latest event may be a watch or stale event; check recency and tier.,0.0
seta_market_screener_365d.csv,One row per asset / term.,185,net_confirmed_direction,Bollinger / Overlap Alerts,Text / categorical,,,Categorical label for net confirmed direction.,Derived from source labels or rule-based classification.,Use to understand bullish versus bearish directional bias.,,Bullish; Bearish; Mixed / Neutral
seta_market_screener_365d.csv,One row per asset / term.,186,archetype_priority_boost,Archetype,Numeric,,,Categorical label for archetype priority boost.,Derived from source labels or rule-based classification.,Use to sort the workbook and decide which assets to review first.,"Priority is review urgency, not bullishness. Pair with direction label.",90.0; 70.0; 36.31313885291305
seta_market_screener_365d.csv,One row per asset / term.,187,matched_conditions,Screener / Narrative,Text / categorical,,,Semicolon-delimited list of rules that matched.,Shows why the archetype was assigned.,"Use as context, join key, filter, or supporting diagnostic.",,latest confirmed <= 7d; confirmed direction bullish; Bollinger direction above neutral; sentiment MACD improving; price MACD lagging or mixed; sentiment MACD deteriorating; price MACD still better than sentiment
seta_market_screener_365d.csv,One row per asset / term.,188,missing_confirmations,Screener / Narrative,Text / categorical,,,Semicolon-delimited list of evidence that is still missing.,Useful for identifying what would strengthen or invalidate the setup.,"Use as context, join key, filter, or supporting diagnostic.",,Watch for price confirmation and follow-through volume; Price MACD confirmation still missing; Price breakdown confirmation still missing
seta_market_screener_365d.csv,One row per asset / term.,189,all_matched_archetypes,Archetype,Text / categorical,,,All archetypes matched by the asset.,Keeps a fuller rule-matching history beyond primary and secondary labels.,"Use for verbal summaries, dashboard cards and explanation layers.",,Fresh Bullish Reversal; Sentiment Repair Ahead of Price; Watch Cluster Building; Narrative Deterioration Despite Price Strength; Watch Cluster Building
seta_indicator_matrix_365d.csv,One row per asset per indicator component.,1,term,Identity,Text / categorical,,,Asset ticker / term identifier.,"Primary join key across screener, matrix, archetype, chart history and alert files.","Use as context, join key, filter, or supporting diagnostic.",,AAPL; AAVE; ADA
seta_indicator_matrix_365d.csv,One row per asset per indicator component.,2,latest_data_date,Latest State,Date,,,Date field for latest data date.,Standardized to yyyy-mm-dd where possible.,"Use as context, join key, filter, or supporting diagnostic.",Latest event may be a watch or stale event; check recency and tier.,2026-04-25
seta_indicator_matrix_365d.csv,One row per asset per indicator component.,3,indicator_family,General,Text / categorical,,,Indicator Family field in the Indicator_Matrix output.,Carried from source files or derived during screener construction.,"Use as context, join key, filter, or supporting diagnostic.",,Attention; Bollinger / Overlap; MA Trend
seta_indicator_matrix_365d.csv,One row per asset per indicator component.,4,indicator_name,General,Text / categorical,,,Indicator Name field in the Indicator_Matrix output.,Carried from source files or derived during screener construction.,"Use as context, join key, filter, or supporting diagnostic.",,attention_confirmation_score; attention_participation_score; attention_adjusted_bollinger_score
seta_indicator_matrix_365d.csv,One row per asset per indicator component.,5,indicator_role,General,Text / categorical,,,Indicator Role field in the Indicator_Matrix output.,Carried from source files or derived during screener construction.,"Use as context, join key, filter, or supporting diagnostic.",,confidence; attention; direction
seta_indicator_matrix_365d.csv,One row per asset per indicator component.,6,raw_value,General,Text / categorical,,,Raw Value field in the Indicator_Matrix output.,Carried from source files or derived during screener construction.,"Use as context, join key, filter, or supporting diagnostic.",,50.0; 49.55171048012721; 8.222639563460171e-43
seta_indicator_matrix_365d.csv,One row per asset per indicator component.,7,score_0_100,General,Numeric,,,Score field for score 0 100.,Derived from underlying indicators and normalized for the indicated family.,"Use as context, join key, filter, or supporting diagnostic.",Scores are model-derived interpretation aids; inspect raw values and reasons for context.,50.0; 49.55171048012721; 8.222639563460171e-43
seta_indicator_matrix_365d.csv,One row per asset per indicator component.,8,direction_label,General,Text / categorical,,,Categorical label for direction label.,Derived from source labels or rule-based classification.,Use to understand bullish versus bearish directional bias.,,Low / Mixed; Neutral; Low
seta_indicator_matrix_365d.csv,One row per asset per indicator component.,9,strength_label,General,Text / categorical,,,Categorical label for strength label.,Derived from source labels or rule-based classification.,"Use as context, join key, filter, or supporting diagnostic.",,Low / Mixed; Neutral; Low
seta_indicator_matrix_365d.csv,One row per asset per indicator component.,10,confidence_label,General,Numeric,0-100; higher = stronger / higher priority,50 = moderate confidence,Categorical label for confidence label.,Derived from source labels or rule-based classification.,Use to separate clean setups from noisy or conflicted ones.,,Low / Mixed; Medium; Low
seta_indicator_matrix_365d.csv,One row per asset per indicator component.,11,contribution_to_consensus,Signal Consensus,Text / categorical,,,Contribution To Consensus field in the Indicator_Matrix output.,Carried from source files or derived during screener construction.,"Use as context, join key, filter, or supporting diagnostic.",,0.0; 3.0; -2.1918493474974823
seta_indicator_matrix_365d.csv,One row per asset per indicator component.,12,contribution_to_attention_priority,Attention / Engagement,Text / categorical,,,Contribution To Attention Priority field in the Indicator_Matrix output.,Carried from source files or derived during screener construction.,Use to sort the workbook and decide which assets to review first.,"Priority is review urgency, not bullishness. Pair with direction label.",25.0; 24.775855240063606; 4.111319781730086e-43
seta_indicator_matrix_365d.csv,One row per asset per indicator component.,13,screener_attention_priority_score,Screener / Narrative,Numeric,0-100; higher = stronger / higher priority,No fixed neutral; higher means review sooner,Top-level triage score indicating how urgently an asset deserves review.,"Combines absolute signal consensus, recency, latest event quality, confirmed/event activity and attention/participation. It is not bullish or bearish by itself.",Use to sort the workbook and decide which assets to review first.,Scores are model-derived interpretation aids; inspect raw values and reasons for context.,16.512987852715654; 34.72835106321804; 36.31313885291305
seta_indicator_matrix_365d.csv,One row per asset per indicator component.,14,interpretation,General,Text / categorical,,,Interpretation field in the Indicator_Matrix output.,Carried from source files or derived during screener construction.,"Use as context, join key, filter, or supporting diagnostic.",,AAPL: attention_confirmation_score is neutral with neutral directional strength.; AAPL: attention/participation is low / mixed and can raise review priority when aligned with signal direction.; AAPL: overlap signal after participation adjustment is neutral.
seta_signal_archetypes_365d.csv,One row per asset / term.,1,term,Identity,Text / categorical,,,Asset ticker / term identifier.,"Primary join key across screener, matrix, archetype, chart history and alert files.","Use as context, join key, filter, or supporting diagnostic.",,SOL; AVAX; XRP
seta_signal_archetypes_365d.csv,One row per asset / term.,2,latest_data_date,Latest State,Date,,,Date field for latest data date.,Standardized to yyyy-mm-dd where possible.,"Use as context, join key, filter, or supporting diagnostic.",Latest event may be a watch or stale event; check recency and tier.,2026-04-25
seta_signal_archetypes_365d.csv,One row per asset / term.,3,primary_archetype,Archetype,Text / categorical,,,Main setup archetype assigned to the asset.,"Derived from rule-based combinations of events, consensus, attention, MACD/RSI/ribbon and dispersion.","Use for verbal summaries, dashboard cards and explanation layers.",,Fresh Bullish Reversal; Sentiment Repair Ahead of Price; Narrative Deterioration Despite Price Strength
seta_signal_archetypes_365d.csv,One row per asset / term.,4,secondary_archetype,Archetype,Text / categorical,,,Secondary setup archetype if another meaningful pattern also matches.,Used to capture nuance without overriding the primary archetype.,"Use for verbal summaries, dashboard cards and explanation layers.",,Watch Cluster Building; Quiet Neutral; Overextended / Exhaustion Risk
seta_signal_archetypes_365d.csv,One row per asset / term.,5,archetype_direction,Archetype,Text / categorical,,,Categorical label for archetype direction.,Derived from source labels or rule-based classification.,"Use for verbal summaries, dashboard cards and explanation layers.",,Bullish; Bearish; Neutral
seta_signal_archetypes_365d.csv,One row per asset / term.,6,archetype_confidence,Archetype,Numeric,0-100; higher = stronger / higher priority,50 = moderate confidence,Categorical label for archetype confidence.,Derived from source labels or rule-based classification.,Use to separate clean setups from noisy or conflicted ones.,,85.15380974919258; 80.42280074220123; 90.17897857182737
seta_signal_archetypes_365d.csv,One row per asset / term.,7,archetype_priority_boost,Archetype,Numeric,,,Categorical label for archetype priority boost.,Derived from source labels or rule-based classification.,Use to sort the workbook and decide which assets to review first.,"Priority is review urgency, not bullishness. Pair with direction label.",90.0; 70.0; 36.31313885291305
seta_signal_archetypes_365d.csv,One row per asset / term.,8,archetype_summary,Archetype,Text / categorical,,,Plain-English explanation of the matched archetype.,Used downstream for verbal narrative generation.,"Use for verbal summaries, dashboard cards and explanation layers.",,SOL has a fresh confirmed bullish overlap event with supportive Bollinger pressure.; AVAX has a fresh confirmed bullish overlap event with supportive Bollinger pressure.; XRP has a fresh confirmed bullish overlap event with supportive Bollinger pressure.
seta_signal_archetypes_365d.csv,One row per asset / term.,9,archetype_risk_note,Archetype,Text / categorical,,,Risk or caveat associated with the archetype.,"Highlights missing confirmation, stale signals, dispersion or exhaustion risk.","Use for verbal summaries, dashboard cards and explanation layers.",,Mean-reversion/reversal setups still need price follow-through after the confirmed event.; Early repair signals are useful but less reliable until price MACD confirms.; This can be an early warning rather than an immediate breakdown signal.
seta_signal_archetypes_365d.csv,One row per asset / term.,10,matched_conditions,Screener / Narrative,Text / categorical,,,Semicolon-delimited list of rules that matched.,Shows why the archetype was assigned.,"Use as context, join key, filter, or supporting diagnostic.",,latest confirmed <= 7d; confirmed direction bullish; Bollinger direction above neutral; sentiment MACD improving; price MACD lagging or mixed; sentiment MACD deteriorating; price MACD still better than sentiment
seta_signal_archetypes_365d.csv,One row per asset / term.,11,missing_confirmations,Screener / Narrative,Text / categorical,,,Semicolon-delimited list of evidence that is still missing.,Useful for identifying what would strengthen or invalidate the setup.,"Use as context, join key, filter, or supporting diagnostic.",,Watch for price confirmation and follow-through volume; Price MACD confirmation still missing; Price breakdown confirmation still missing
seta_signal_archetypes_365d.csv,One row per asset / term.,12,all_matched_archetypes,Archetype,Text / categorical,,,All archetypes matched by the asset.,Keeps a fuller rule-matching history beyond primary and secondary labels.,"Use for verbal summaries, dashboard cards and explanation layers.",,Fresh Bullish Reversal; Sentiment Repair Ahead of Price; Watch Cluster Building; Narrative Deterioration Despite Price Strength; Watch Cluster Building
seta_signal_archetypes_365d.csv,One row per asset / term.,13,screener_attention_priority_score,Screener / Narrative,Numeric,0-100; higher = stronger / higher priority,No fixed neutral; higher means review sooner,Top-level triage score indicating how urgently an asset deserves review.,"Combines absolute signal consensus, recency, latest event quality, confirmed/event activity and attention/participation. It is not bullish or bearish by itself.",Use to sort the workbook and decide which assets to review first.,Scores are model-derived interpretation aids; inspect raw values and reasons for context.,76.34274030521507; 73.48162410636849; 68.65307374804546
seta_signal_archetypes_365d.csv,One row per asset / term.,14,signal_consensus_direction_score,Signal Consensus,Numeric,0-100; 50 neutral,50,0-100 directional consensus score across the major families.,"Uses neutral-centered family scores. 0 is bearish, 50 is neutral/mixed, 100 is bullish.",Use to understand bullish versus bearish directional bias.,Scores are model-derived interpretation aids; inspect raw values and reasons for context.,79.33539590485856; 76.29991939807378; 79.54638991361281
seta_signal_archetypes_365d.csv,One row per asset / term.,15,signal_consensus_direction_label,Signal Consensus,Text / categorical,,,Categorical label for signal consensus direction label.,Derived from source labels or rule-based classification.,Use to understand bullish versus bearish directional bias.,,Bullish; Bearish; Mixed / Neutral
seta_signal_archetypes_365d.csv,One row per asset / term.,16,signal_dispersion_score,Signal Consensus,Numeric,,,How much the signal families disagree.,Standard deviation-like dispersion across family direction scores. Low dispersion means cleaner agreement; high dispersion means a conflicted setup.,Use to separate clean setups from noisy or conflicted ones.,Scores are model-derived interpretation aids; inspect raw values and reasons for context.,18.496673349664114; 20.514825373518295; 13.11721854441137
seta_signal_archetypes_365d.csv,One row per asset / term.,17,macd_family_label,MACD,Numeric,,,Interpretive label for the MACD family setup.,"Summarizes the MACD relationship, such as Bullish Confirmation, Bearish Confirmation, Positive Divergence / Sentiment Repair, or Negative Divergence / Narrative Weakening.",Use for momentum diagnostics and sentiment-enhanced MACD interpretation.,Raw MACD fields remain conventional; sentiment-price relationship fields are SETA-specific.,Bullish Confirmation; Positive Divergence / Sentiment Repair; Negative Divergence / Narrative Weakening
seta_signal_archetypes_365d.csv,One row per asset / term.,18,sent_price_macd_joint_slope_label,MACD,Numeric,,0,Categorical label for the sentiment-price MACD slope relationship.,"Examples include Both Rising, Both Falling, Sentiment Repair / Price Lagging, and Price Rising / Sentiment Deteriorating.",Use for momentum diagnostics and sentiment-enhanced MACD interpretation.,Raw MACD fields remain conventional; sentiment-price relationship fields are SETA-specific.,Both Rising; Sentiment Repair / Price Lagging; Price Rising / Sentiment Deteriorating
seta_signal_archetypes_365d.csv,One row per asset / term.,19,rsi_family_label,RSI / Stoch RSI,Numeric,,,Interpretive label for the RSI family setup.,"Examples include RSI Constructive, RSI Weak, RSI Mixed / Neutral and exhaustion/repair style states.","Use for state, timing, divergence and exhaustion/repair diagnostics.",RSI scores preserve raw RSI comparability but add model-specific interpretation.,RSI Mixed / Neutral; RSI Constructive; Unknown
seta_signal_archetypes_365d.csv,One row per asset / term.,20,sent_ribbon_label,Sentiment Ribbon,Text / categorical,,,Human-readable label for the sentiment ribbon state.,"Examples include Bullish Expansion, Bearish Expansion, Mixed / Neutral and Unknown.","Use as context, join key, filter, or supporting diagnostic.",,Bullish Expansion; Bearish Expansion; Mixed / Neutral
